"","Date","Indicator results"
"1",2020-01-01,"LOW"
"2",2020-01-02,"LOW"
"3",2020-01-03,"LOW"
"4",2020-01-04,"LOW"
"5",2020-01-05,"HIGH"
"6",2020-01-06,"HIGH"
"7",2020-01-07,"HIGH"
"8",2020-01-08,"HIGH"
"9",2020-01-09,"HIGH"
"10",2020-01-10,"HIGH"
"11",2020-01-11,"HIGH"
"12",2020-01-12,"HIGH"
"13",2020-01-13,"HIGH"
"14",2020-01-14,"HIGH"
"15",2020-01-15,"HIGH"
"16",2020-01-16,"HIGH"
"17",2020-01-17,"HIGH"
"18",2020-01-18,"HIGH"
"19",2020-01-19,"HIGH"
"20",2020-01-20,"HIGH"
"21",2020-01-21,"HIGH"
"22",2020-01-22,"HIGH"
"23",2020-01-23,"HIGH"
"24",2020-01-24,"HIGH"
"25",2020-01-25,"LOW"
"26",2020-01-26,"LOW"
"27",2020-01-27,"LOW"
"28",2020-01-28,"LOW"
"29",2020-01-29,"LOW"
"30",2020-01-30,"LOW"
"31",2020-01-31,"LOW"
"32",2020-02-01,"LOW"
"33",2020-02-02,"LOW"
"34",2020-02-03,"LOW"
"35",2020-02-04,"LOW"
"36",2020-02-05,"LOW"
"37",2020-02-06,"LOW"
"38",2020-02-07,"LOW"
"39",2020-02-08,"LOW"
"40",2020-02-09,"LOW"
"41",2020-02-10,"LOW"
"42",2020-02-11,"LOW"
"43",2020-02-12,"LOW"
"44",2020-02-13,"LOW"
"45",2020-02-14,"LOW"
"46",2020-02-15,"LOW"
"47",2020-02-16,"LOW"
"48",2020-02-17,"LOW"
"49",2020-02-18,"LOW"
"50",2020-02-19,"LOW"
"51",2020-02-20,"LOW"
"52",2020-02-21,"LOW"
"53",2020-02-22,"LOW"
"54",2020-02-23,"LOW"
"55",2020-02-24,"LOW"
"56",2020-02-25,"LOW"
"57",2020-02-26,"LOW"
"58",2020-02-27,"LOW"
"59",2020-02-28,"LOW"
"60",2020-02-29,"LOW"
"61",2020-03-01,"LOW"
"62",2020-03-02,"MODERATE"
"63",2020-03-03,"SUBSTANTIAL"
"64",2020-03-04,"HIGH"
"65",2020-03-05,"HIGH"
"66",2020-03-06,"MODERATE"
"67",2020-03-07,"MODERATE"
"68",2020-03-08,"MODERATE"
"69",2020-03-09,"MODERATE"
"70",2020-03-10,"LOW"
"71",2020-03-11,"MODERATE"
"72",2020-03-12,"MODERATE"
"73",2020-03-13,"LOW"
"74",2020-03-14,"LOW"
"75",2020-03-15,"LOW"
"76",2020-03-16,"LOW"
"77",2020-03-17,"MODERATE"
"78",2020-03-18,"MODERATE"
"79",2020-03-19,"MODERATE"
"80",2020-03-20,"MODERATE"
"81",2020-03-21,"MODERATE"
"82",2020-03-22,"MODERATE"
"83",2020-03-23,"MODERATE"
"84",2020-03-24,"MODERATE"
"85",2020-03-25,"SUBSTANTIAL"
"86",2020-03-26,"SUBSTANTIAL"
"87",2020-03-27,"HIGH"
"88",2020-03-28,"HIGH"
"89",2020-03-29,"HIGH"
"90",2020-03-30,"HIGH"
"91",2020-03-31,"HIGH"
"92",2020-04-01,"HIGH"
"93",2020-04-02,"HIGH"
"94",2020-04-03,"HIGH"
"95",2020-04-04,"HIGH"
"96",2020-04-05,"HIGH"
"97",2020-04-06,"HIGH"
"98",2020-04-07,"HIGH"
"99",2020-04-08,"HIGH"
"100",2020-04-09,"HIGH"
"101",2020-04-10,"HIGH"
"102",2020-04-11,"HIGH"
"103",2020-04-12,"HIGH"
"104",2020-04-13,"HIGH"
"105",2020-04-14,"HIGH"
"106",2020-04-15,"HIGH"
"107",2020-04-16,"HIGH"
"108",2020-04-17,"HIGH"
"109",2020-04-18,"HIGH"
"110",2020-04-19,"HIGH"
"111",2020-04-20,"HIGH"
"112",2020-04-21,"HIGH"
"113",2020-04-22,"HIGH"
"114",2020-04-23,"HIGH"
"115",2020-04-24,"HIGH"
"116",2020-04-25,"HIGH"
"117",2020-04-26,"HIGH"
"118",2020-04-27,"HIGH"
"119",2020-04-28,"HIGH"
"120",2020-04-29,"HIGH"
"121",2020-04-30,"HIGH"
"122",2020-05-01,"HIGH"
"123",2020-05-02,"HIGH"
"124",2020-05-03,"HIGH"
"125",2020-05-04,"HIGH"
"126",2020-05-05,"HIGH"
"127",2020-05-06,"HIGH"
"128",2020-05-07,"HIGH"
"129",2020-05-08,"SUBSTANTIAL"
"130",2020-05-09,"SUBSTANTIAL"
"131",2020-05-10,"SUBSTANTIAL"
"132",2020-05-11,"SUBSTANTIAL"
"133",2020-05-12,"SUBSTANTIAL"
"134",2020-05-13,"SUBSTANTIAL"
"135",2020-05-14,"SUBSTANTIAL"
"136",2020-05-15,"HIGH"
"137",2020-05-16,"HIGH"
"138",2020-05-17,"HIGH"
"139",2020-05-18,"HIGH"
"140",2020-05-19,"HIGH"
"141",2020-05-20,"HIGH"
"142",2020-05-21,"HIGH"
"143",2020-05-22,"HIGH"
"144",2020-05-23,"HIGH"
"145",2020-05-24,"HIGH"
"146",2020-05-25,"HIGH"
"147",2020-05-26,"HIGH"
"148",2020-05-27,"HIGH"
"149",2020-05-28,"HIGH"
"150",2020-05-29,"HIGH"
"151",2020-05-30,"HIGH"
"152",2020-05-31,"HIGH"
"153",2020-06-01,"HIGH"
"154",2020-06-02,"HIGH"
"155",2020-06-03,"HIGH"
"156",2020-06-04,"HIGH"
"157",2020-06-05,"HIGH"
"158",2020-06-06,"HIGH"
"159",2020-06-07,"HIGH"
"160",2020-06-08,"HIGH"
"161",2020-06-09,"HIGH"
"162",2020-06-10,"HIGH"
"163",2020-06-11,"HIGH"
"164",2020-06-12,"HIGH"
"165",2020-06-13,"HIGH"
"166",2020-06-14,"HIGH"
"167",2020-06-15,"HIGH"
"168",2020-06-16,"HIGH"
"169",2020-06-17,"HIGH"
"170",2020-06-18,"HIGH"
"171",2020-06-19,"HIGH"
"172",2020-06-20,"HIGH"
"173",2020-06-21,"HIGH"
"174",2020-06-22,"HIGH"
"175",2020-06-23,"HIGH"
"176",2020-06-24,"HIGH"
"177",2020-06-25,"HIGH"
"178",2020-06-26,"HIGH"
"179",2020-06-27,"HIGH"
"180",2020-06-28,"HIGH"
"181",2020-06-29,"HIGH"
"182",2020-06-30,"HIGH"
"183",2020-07-01,"HIGH"
"184",2020-07-02,"HIGH"
"185",2020-07-03,"HIGH"
"186",2020-07-04,"HIGH"
"187",2020-07-05,"HIGH"
"188",2020-07-06,"HIGH"
"189",2020-07-07,"HIGH"
"190",2020-07-08,"HIGH"
"191",2020-07-09,"HIGH"
"192",2020-07-10,"HIGH"
"193",2020-07-11,"HIGH"
"194",2020-07-12,"HIGH"
"195",2020-07-13,"HIGH"
"196",2020-07-14,"HIGH"
"197",2020-07-15,"HIGH"
"198",2020-07-16,"HIGH"
"199",2020-07-17,"HIGH"
"200",2020-07-18,"HIGH"
"201",2020-07-19,"HIGH"
"202",2020-07-20,"HIGH"
"203",2020-07-21,"HIGH"
"204",2020-07-22,"HIGH"
"205",2020-07-23,"HIGH"
"206",2020-07-24,"HIGH"
"207",2020-07-25,"HIGH"
"208",2020-07-26,"HIGH"
"209",2020-07-27,"HIGH"
"210",2020-07-28,"HIGH"
"211",2020-07-29,"HIGH"
"212",2020-07-30,"HIGH"
"213",2020-07-31,"HIGH"
"214",2020-08-01,"HIGH"
"215",2020-08-02,"HIGH"
"216",2020-08-03,"HIGH"
"217",2020-08-04,"HIGH"
"218",2020-08-05,"HIGH"
"219",2020-08-06,"HIGH"
"220",2020-08-07,"HIGH"
"221",2020-08-08,"HIGH"
"222",2020-08-09,"HIGH"
"223",2020-08-10,"HIGH"
"224",2020-08-11,"HIGH"
"225",2020-08-12,"HIGH"
"226",2020-08-13,"HIGH"
"227",2020-08-14,"HIGH"
"228",2020-08-15,"HIGH"
"229",2020-08-16,"HIGH"
"230",2020-08-17,"HIGH"
"231",2020-08-18,"HIGH"
"232",2020-08-19,"HIGH"
"233",2020-08-20,"HIGH"
"234",2020-08-21,"HIGH"
"235",2020-08-22,"HIGH"
"236",2020-08-23,"HIGH"
"237",2020-08-24,"HIGH"
"238",2020-08-25,"HIGH"
"239",2020-08-26,"HIGH"
"240",2020-08-27,"HIGH"
"241",2020-08-28,"HIGH"
"242",2020-08-29,"HIGH"
"243",2020-08-30,"HIGH"
"244",2020-08-31,"HIGH"
"245",2020-09-01,"HIGH"
"246",2020-09-02,"HIGH"
"247",2020-09-03,"HIGH"
"248",2020-09-04,"HIGH"
"249",2020-09-05,"HIGH"
"250",2020-09-06,"HIGH"
"251",2020-09-07,"HIGH"
"252",2020-09-08,"HIGH"
"253",2020-09-09,"HIGH"
"254",2020-09-10,"HIGH"
"255",2020-09-11,"HIGH"
"256",2020-09-12,"HIGH"
"257",2020-09-13,"HIGH"
"258",2020-09-14,"HIGH"
"259",2020-09-15,"HIGH"
"260",2020-09-16,"HIGH"
"261",2020-09-17,"HIGH"
"262",2020-09-18,"HIGH"
"263",2020-09-19,"HIGH"
"264",2020-09-20,"HIGH"
"265",2020-09-21,"HIGH"
"266",2020-09-22,"HIGH"
"267",2020-09-23,"HIGH"
"268",2020-09-24,"HIGH"
"269",2020-09-25,"HIGH"
"270",2020-09-26,"HIGH"
"271",2020-09-27,"HIGH"
"272",2020-09-28,"HIGH"
"273",2020-09-29,"HIGH"
"274",2020-09-30,"HIGH"
"275",2020-10-01,"HIGH"
"276",2020-10-02,"HIGH"
"277",2020-10-03,"HIGH"
"278",2020-10-04,"HIGH"
"279",2020-10-05,"HIGH"
"280",2020-10-06,"HIGH"
"281",2020-10-07,"HIGH"
"282",2020-10-08,"HIGH"
"283",2020-10-09,"HIGH"
"284",2020-10-10,"HIGH"
"285",2020-10-11,"HIGH"
"286",2020-10-12,"HIGH"
"287",2020-10-13,"HIGH"
"288",2020-10-14,"HIGH"
"289",2020-10-15,"HIGH"
"290",2020-10-16,"HIGH"
"291",2020-10-17,"HIGH"
"292",2020-10-18,"HIGH"
"293",2020-10-19,"HIGH"
"294",2020-10-20,"HIGH"
"295",2020-10-21,"HIGH"
"296",2020-10-22,"HIGH"
"297",2020-10-23,"HIGH"
"298",2020-10-24,"HIGH"
"299",2020-10-25,"HIGH"
"300",2020-10-26,"HIGH"
"301",2020-10-27,"HIGH"
"302",2020-10-28,"HIGH"
"303",2020-10-29,"HIGH"
"304",2020-10-30,"HIGH"
"305",2020-10-31,"HIGH"
"306",2020-11-01,"HIGH"
"307",2020-11-02,"HIGH"
"308",2020-11-03,"HIGH"
"309",2020-11-04,"HIGH"
"310",2020-11-05,"HIGH"
"311",2020-11-06,"HIGH"
"312",2020-11-07,"HIGH"
"313",2020-11-08,"HIGH"
"314",2020-11-09,"HIGH"
"315",2020-11-10,"HIGH"
"316",2020-11-11,"HIGH"
"317",2020-11-12,"HIGH"
"318",2020-11-13,"HIGH"
"319",2020-11-14,"HIGH"
"320",2020-11-15,"HIGH"
"321",2020-11-16,"HIGH"
"322",2020-11-17,"HIGH"
"323",2020-11-18,"HIGH"
"324",2020-11-19,"HIGH"
"325",2020-11-20,"HIGH"
"326",2020-11-21,"HIGH"
"327",2020-11-22,"HIGH"
"328",2020-11-23,"HIGH"
"329",2020-11-24,"HIGH"
"330",2020-11-25,"HIGH"
"331",2020-11-26,"HIGH"
"332",2020-11-27,"HIGH"
"333",2020-11-28,"HIGH"
"334",2020-11-29,"HIGH"
"335",2020-11-30,"HIGH"
"336",2020-12-01,"HIGH"
"337",2020-12-02,"HIGH"
"338",2020-12-03,"HIGH"
"339",2020-12-04,"HIGH"
"340",2020-12-05,"HIGH"
"341",2020-12-06,"HIGH"
"342",2020-12-07,"HIGH"
"343",2020-12-08,"HIGH"
"344",2020-12-09,"HIGH"
"345",2020-12-10,"HIGH"
"346",2020-12-11,"HIGH"
"347",2020-12-12,"HIGH"
"348",2020-12-13,"HIGH"
"349",2020-12-14,"HIGH"
"350",2020-12-15,"HIGH"
"351",2020-12-16,"HIGH"
"352",2020-12-17,"HIGH"
"353",2020-12-18,"HIGH"
"354",2020-12-19,"HIGH"
"355",2020-12-20,"HIGH"
"356",2020-12-21,"HIGH"
"357",2020-12-22,"HIGH"
"358",2020-12-23,"HIGH"
"359",2020-12-24,"HIGH"
"360",2020-12-25,"HIGH"
"361",2020-12-26,"HIGH"
"362",2020-12-27,"HIGH"
"363",2020-12-28,"HIGH"
"364",2020-12-29,"HIGH"
"365",2020-12-30,"HIGH"
"366",2020-12-31,"HIGH"
"367",2021-01-01,"HIGH"
"368",2021-01-02,"HIGH"
"369",2021-01-03,"HIGH"
"370",2021-01-04,"HIGH"
"371",2021-01-05,"HIGH"
"372",2021-01-06,"HIGH"
"373",2021-01-07,"HIGH"
"374",2021-01-08,"HIGH"
"375",2021-01-09,"HIGH"
"376",2021-01-10,"HIGH"
"377",2021-01-11,"HIGH"
"378",2021-01-12,"HIGH"
"379",2021-01-13,"HIGH"
"380",2021-01-14,"HIGH"
"381",2021-01-15,"HIGH"
"382",2021-01-16,"HIGH"
"383",2021-01-17,"HIGH"
"384",2021-01-18,"HIGH"
"385",2021-01-19,"HIGH"
"386",2021-01-20,"HIGH"
"387",2021-01-21,"HIGH"
"388",2021-01-22,"HIGH"
"389",2021-01-23,"HIGH"
"390",2021-01-24,"HIGH"
"391",2021-01-25,"HIGH"
"392",2021-01-26,"HIGH"
"393",2021-01-27,"HIGH"
"394",2021-01-28,"HIGH"
"395",2021-01-29,"HIGH"
"396",2021-01-30,"HIGH"
"397",2021-01-31,"HIGH"
"398",2021-02-01,"HIGH"
"399",2021-02-02,"HIGH"
"400",2021-02-03,"HIGH"
"401",2021-02-04,"HIGH"
"402",2021-02-05,"HIGH"
"403",2021-02-06,"HIGH"
"404",2021-02-07,"HIGH"
"405",2021-02-08,"HIGH"
"406",2021-02-09,"HIGH"
"407",2021-02-10,"HIGH"
"408",2021-02-11,"HIGH"
"409",2021-02-12,"HIGH"
"410",2021-02-13,"HIGH"
"411",2021-02-14,"HIGH"
"412",2021-02-15,"HIGH"
"413",2021-02-16,"HIGH"
"414",2021-02-17,"HIGH"
"415",2021-02-18,"HIGH"
"416",2021-02-19,"HIGH"
"417",2021-02-20,"HIGH"
"418",2021-02-21,"HIGH"
"419",2021-02-22,"HIGH"
"420",2021-02-23,"HIGH"
"421",2021-02-24,"HIGH"
"422",2021-02-25,"HIGH"
"423",2021-02-26,"HIGH"
"424",2021-02-27,"HIGH"
"425",2021-02-28,"HIGH"
"426",2021-03-01,"HIGH"
"427",2021-03-02,"SUBSTANTIAL"
"428",2021-03-03,"SUBSTANTIAL"
"429",2021-03-04,"SUBSTANTIAL"
"430",2021-03-05,"SUBSTANTIAL"
"431",2021-03-06,"SUBSTANTIAL"
"432",2021-03-07,"SUBSTANTIAL"
"433",2021-03-08,"SUBSTANTIAL"
"434",2021-03-09,"SUBSTANTIAL"
"435",2021-03-10,"SUBSTANTIAL"
"436",2021-03-11,"SUBSTANTIAL"
"437",2021-03-12,"SUBSTANTIAL"
"438",2021-03-13,"SUBSTANTIAL"
"439",2021-03-14,"SUBSTANTIAL"
"440",2021-03-15,"SUBSTANTIAL"
"441",2021-03-16,"SUBSTANTIAL"
"442",2021-03-17,"SUBSTANTIAL"
"443",2021-03-18,"SUBSTANTIAL"
"444",2021-03-19,"SUBSTANTIAL"
"445",2021-03-20,"SUBSTANTIAL"
"446",2021-03-21,"SUBSTANTIAL"
"447",2021-03-22,"SUBSTANTIAL"
"448",2021-03-23,"SUBSTANTIAL"
"449",2021-03-24,"SUBSTANTIAL"
"450",2021-03-25,"SUBSTANTIAL"
"451",2021-03-26,"SUBSTANTIAL"
"452",2021-03-27,"SUBSTANTIAL"
"453",2021-03-28,"SUBSTANTIAL"
"454",2021-03-29,"SUBSTANTIAL"
"455",2021-03-30,"SUBSTANTIAL"
"456",2021-03-31,"SUBSTANTIAL"
"457",2021-04-01,"SUBSTANTIAL"
"458",2021-04-02,"SUBSTANTIAL"
"459",2021-04-03,"SUBSTANTIAL"
"460",2021-04-04,"SUBSTANTIAL"
"461",2021-04-05,"SUBSTANTIAL"
"462",2021-04-06,"SUBSTANTIAL"
"463",2021-04-07,"SUBSTANTIAL"
"464",2021-04-08,"SUBSTANTIAL"
"465",2021-04-09,"SUBSTANTIAL"
"466",2021-04-10,"SUBSTANTIAL"
"467",2021-04-11,"SUBSTANTIAL"
"468",2021-04-12,"SUBSTANTIAL"
"469",2021-04-13,"SUBSTANTIAL"
"470",2021-04-14,"SUBSTANTIAL"
"471",2021-04-15,"SUBSTANTIAL"
"472",2021-04-16,"SUBSTANTIAL"
"473",2021-04-17,"SUBSTANTIAL"
"474",2021-04-18,"SUBSTANTIAL"
"475",2021-04-19,"SUBSTANTIAL"
"476",2021-04-20,"SUBSTANTIAL"
"477",2021-04-21,"SUBSTANTIAL"
"478",2021-04-22,"SUBSTANTIAL"
"479",2021-04-23,"SUBSTANTIAL"
"480",2021-04-24,"SUBSTANTIAL"
"481",2021-04-25,"SUBSTANTIAL"
"482",2021-04-26,"SUBSTANTIAL"
"483",2021-04-27,"SUBSTANTIAL"
"484",2021-04-28,"SUBSTANTIAL"
"485",2021-04-29,"SUBSTANTIAL"
"486",2021-04-30,"SUBSTANTIAL"
"487",2021-05-01,"SUBSTANTIAL"
"488",2021-05-02,"SUBSTANTIAL"
"489",2021-05-03,"SUBSTANTIAL"
"490",2021-05-04,"SUBSTANTIAL"
"491",2021-05-05,"SUBSTANTIAL"
"492",2021-05-06,"SUBSTANTIAL"
"493",2021-05-07,"SUBSTANTIAL"
"494",2021-05-08,"SUBSTANTIAL"
"495",2021-05-09,"SUBSTANTIAL"
"496",2021-05-10,"MODERATE"
"497",2021-05-11,"MODERATE"
"498",2021-05-12,"MODERATE"
"499",2021-05-13,"MODERATE"
"500",2021-05-14,"MODERATE"
"501",2021-05-15,"MODERATE"
"502",2021-05-16,"MODERATE"
"503",2021-05-17,"MODERATE"
"504",2021-05-18,"MODERATE"
"505",2021-05-19,"MODERATE"
"506",2021-05-20,"MODERATE"
"507",2021-05-21,"MODERATE"
"508",2021-05-22,"MODERATE"
"509",2021-05-23,"MODERATE"
"510",2021-05-24,"MODERATE"
"511",2021-05-25,"MODERATE"
"512",2021-05-26,"MODERATE"
"513",2021-05-27,"MODERATE"
"514",2021-05-28,"MODERATE"
"515",2021-05-29,"MODERATE"
"516",2021-05-30,"MODERATE"
"517",2021-05-31,"MODERATE"
"518",2021-06-01,"MODERATE"
"519",2021-06-02,"MODERATE"
"520",2021-06-03,"MODERATE"
"521",2021-06-04,"MODERATE"
"522",2021-06-05,"MODERATE"
"523",2021-06-06,"MODERATE"
"524",2021-06-07,"MODERATE"
"525",2021-06-08,"MODERATE"
"526",2021-06-09,"MODERATE"
"527",2021-06-10,"MODERATE"
"528",2021-06-11,"MODERATE"
"529",2021-06-12,"MODERATE"
"530",2021-06-13,"MODERATE"
"531",2021-06-14,"MODERATE"
"532",2021-06-15,"MODERATE"
"533",2021-06-16,"MODERATE"
"534",2021-06-17,"MODERATE"
"535",2021-06-18,"MODERATE"
"536",2021-06-19,"MODERATE"
"537",2021-06-20,"MODERATE"
"538",2021-06-21,"MODERATE"
"539",2021-06-22,"MODERATE"
"540",2021-06-23,"MODERATE"
"541",2021-06-24,"MODERATE"
"542",2021-06-25,"MODERATE"
"543",2021-06-26,"MODERATE"
"544",2021-06-27,"MODERATE"
"545",2021-06-28,"MODERATE"
"546",2021-06-29,"MODERATE"
"547",2021-06-30,"MODERATE"
"548",2021-07-01,"MODERATE"
"549",2021-07-02,"MODERATE"
"550",2021-07-03,"MODERATE"
"551",2021-07-04,"MODERATE"
"552",2021-07-05,"MODERATE"
"553",2021-07-06,"MODERATE"
"554",2021-07-07,"SUBSTANTIAL"
"555",2021-07-08,"SUBSTANTIAL"
"556",2021-07-09,"SUBSTANTIAL"
"557",2021-07-10,"SUBSTANTIAL"
"558",2021-07-11,"SUBSTANTIAL"
"559",2021-07-12,"SUBSTANTIAL"
"560",2021-07-13,"SUBSTANTIAL"
"561",2021-07-14,"HIGH"
"562",2021-07-15,"HIGH"
"563",2021-07-16,"HIGH"
"564",2021-07-17,"HIGH"
"565",2021-07-18,"HIGH"
"566",2021-07-19,"HIGH"
"567",2021-07-20,"HIGH"
"568",2021-07-21,"HIGH"
"569",2021-07-22,"HIGH"
"570",2021-07-23,"HIGH"
"571",2021-07-24,"HIGH"
"572",2021-07-25,"HIGH"
"573",2021-07-26,"HIGH"
"574",2021-07-27,"HIGH"
"575",2021-07-28,"HIGH"
"576",2021-07-29,"HIGH"
"577",2021-07-30,"HIGH"
"578",2021-07-31,"HIGH"
"579",2021-08-01,"HIGH"
"580",2021-08-02,"HIGH"
"581",2021-08-03,"HIGH"
"582",2021-08-04,"HIGH"
"583",2021-08-05,"HIGH"
"584",2021-08-06,"HIGH"
"585",2021-08-07,"HIGH"
"586",2021-08-08,"HIGH"
"587",2021-08-09,"HIGH"
"588",2021-08-10,"HIGH"
"589",2021-08-11,"HIGH"
"590",2021-08-12,"HIGH"
"591",2021-08-13,"HIGH"
"592",2021-08-14,"HIGH"
"593",2021-08-15,"HIGH"
"594",2021-08-16,"HIGH"
"595",2021-08-17,"HIGH"
"596",2021-08-18,"HIGH"
"597",2021-08-19,"HIGH"
"598",2021-08-20,"HIGH"
"599",2021-08-21,"HIGH"
"600",2021-08-22,"HIGH"
"601",2021-08-23,"HIGH"
"602",2021-08-24,"HIGH"
"603",2021-08-25,"HIGH"
"604",2021-08-26,"HIGH"
"605",2021-08-27,"HIGH"
"606",2021-08-28,"HIGH"
"607",2021-08-29,"HIGH"
"608",2021-08-30,"HIGH"
"609",2021-08-31,"HIGH"
"610",2021-09-01,"HIGH"
"611",2021-09-02,"HIGH"
"612",2021-09-03,"HIGH"
"613",2021-09-04,"HIGH"
"614",2021-09-05,"HIGH"
"615",2021-09-06,"HIGH"
"616",2021-09-07,"HIGH"
"617",2021-09-08,"HIGH"
"618",2021-09-09,"HIGH"
"619",2021-09-10,"HIGH"
"620",2021-09-11,"HIGH"
"621",2021-09-12,"HIGH"
"622",2021-09-13,"HIGH"
"623",2021-09-14,"HIGH"
"624",2021-09-15,"HIGH"
"625",2021-09-16,"HIGH"
"626",2021-09-17,"HIGH"
"627",2021-09-18,"HIGH"
"628",2021-09-19,"HIGH"
"629",2021-09-20,"HIGH"
"630",2021-09-21,"HIGH"
"631",2021-09-22,"HIGH"
"632",2021-09-23,"HIGH"
"633",2021-09-24,"HIGH"
"634",2021-09-25,"HIGH"
"635",2021-09-26,"HIGH"
"636",2021-09-27,"HIGH"
"637",2021-09-28,"HIGH"
"638",2021-09-29,"HIGH"
"639",2021-09-30,"HIGH"
"640",2021-10-01,"HIGH"
"641",2021-10-02,"HIGH"
"642",2021-10-03,"HIGH"
"643",2021-10-04,"HIGH"
"644",2021-10-05,"HIGH"
"645",2021-10-06,"HIGH"
"646",2021-10-07,"HIGH"
"647",2021-10-08,"HIGH"
"648",2021-10-09,"HIGH"
"649",2021-10-10,"HIGH"
"650",2021-10-11,"HIGH"
"651",2021-10-12,"HIGH"
"652",2021-10-13,"HIGH"
"653",2021-10-14,"HIGH"
"654",2021-10-15,"HIGH"
"655",2021-10-16,"HIGH"
"656",2021-10-17,"HIGH"
"657",2021-10-18,"HIGH"
"658",2021-10-19,"SUBSTANTIAL"
"659",2021-10-20,"SUBSTANTIAL"
"660",2021-10-21,"SUBSTANTIAL"
"661",2021-10-22,"SUBSTANTIAL"
"662",2021-10-23,"SUBSTANTIAL"
"663",2021-10-24,"SUBSTANTIAL"
"664",2021-10-25,"SUBSTANTIAL"
"665",2021-10-26,"SUBSTANTIAL"
"666",2021-10-27,"SUBSTANTIAL"
"667",2021-10-28,"SUBSTANTIAL"
"668",2021-10-29,"SUBSTANTIAL"
"669",2021-10-30,"SUBSTANTIAL"
"670",2021-10-31,"SUBSTANTIAL"
"671",2021-11-01,"SUBSTANTIAL"
"672",2021-11-02,"SUBSTANTIAL"
"673",2021-11-03,"SUBSTANTIAL"
"674",2021-11-04,"SUBSTANTIAL"
"675",2021-11-05,"SUBSTANTIAL"
"676",2021-11-06,"SUBSTANTIAL"
"677",2021-11-07,"SUBSTANTIAL"
"678",2021-11-08,"SUBSTANTIAL"
"679",2021-11-09,"SUBSTANTIAL"
"680",2021-11-10,"SUBSTANTIAL"
"681",2021-11-11,"SUBSTANTIAL"
"682",2021-11-12,"SUBSTANTIAL"
"683",2021-11-13,"SUBSTANTIAL"
"684",2021-11-14,"SUBSTANTIAL"
"685",2021-11-15,"SUBSTANTIAL"
"686",2021-11-16,"SUBSTANTIAL"
"687",2021-11-17,"SUBSTANTIAL"
"688",2021-11-18,"SUBSTANTIAL"
"689",2021-11-19,"SUBSTANTIAL"
"690",2021-11-20,"SUBSTANTIAL"
"691",2021-11-21,"SUBSTANTIAL"
"692",2021-11-22,"SUBSTANTIAL"
"693",2021-11-23,"SUBSTANTIAL"
"694",2021-11-24,"SUBSTANTIAL"
"695",2021-11-25,"SUBSTANTIAL"
"696",2021-11-26,"SUBSTANTIAL"
"697",2021-11-27,"SUBSTANTIAL"
"698",2021-11-28,"SUBSTANTIAL"
"699",2021-11-29,"SUBSTANTIAL"
"700",2021-11-30,"SUBSTANTIAL"
"701",2021-12-01,"SUBSTANTIAL"
"702",2021-12-02,"SUBSTANTIAL"
"703",2021-12-03,"SUBSTANTIAL"
"704",2021-12-04,"SUBSTANTIAL"
"705",2021-12-05,"SUBSTANTIAL"
"706",2021-12-06,"SUBSTANTIAL"
"707",2021-12-07,"SUBSTANTIAL"
"708",2021-12-08,"SUBSTANTIAL"
"709",2021-12-09,"SUBSTANTIAL"
"710",2021-12-10,"SUBSTANTIAL"
"711",2021-12-11,"SUBSTANTIAL"
"712",2021-12-12,"SUBSTANTIAL"
"713",2021-12-13,"SUBSTANTIAL"
"714",2021-12-14,"SUBSTANTIAL"
"715",2021-12-15,"SUBSTANTIAL"
"716",2021-12-16,"SUBSTANTIAL"
"717",2021-12-17,"HIGH"
"718",2021-12-18,"HIGH"
"719",2021-12-19,"HIGH"
"720",2021-12-20,"HIGH"
"721",2021-12-21,"HIGH"
"722",2021-12-22,"HIGH"
"723",2021-12-23,"HIGH"
"724",2021-12-24,"HIGH"
"725",2021-12-25,"HIGH"
"726",2021-12-26,"HIGH"
"727",2021-12-27,"HIGH"
"728",2021-12-28,"HIGH"
"729",2021-12-29,"HIGH"
"730",2021-12-30,"HIGH"
"731",2021-12-31,"HIGH"
"732",2022-01-01,"HIGH"
"733",2022-01-02,"HIGH"
"734",2022-01-03,"HIGH"
"735",2022-01-04,"HIGH"
"736",2022-01-05,"HIGH"
"737",2022-01-06,"HIGH"
"738",2022-01-07,"HIGH"
"739",2022-01-08,"HIGH"
"740",2022-01-09,"HIGH"
"741",2022-01-10,"HIGH"
"742",2022-01-11,"HIGH"
"743",2022-01-12,"HIGH"
"744",2022-01-13,"HIGH"
"745",2022-01-14,"HIGH"
"746",2022-01-15,"HIGH"
"747",2022-01-16,"HIGH"
"748",2022-01-17,"HIGH"
"749",2022-01-18,"HIGH"
"750",2022-01-19,"HIGH"
"751",2022-01-20,"HIGH"
"752",2022-01-21,"HIGH"
"753",2022-01-22,"HIGH"
"754",2022-01-23,"HIGH"
"755",2022-01-24,"HIGH"
"756",2022-01-25,"HIGH"
"757",2022-01-26,"HIGH"
"758",2022-01-27,"HIGH"
"759",2022-01-28,"HIGH"
"760",2022-01-29,"HIGH"
"761",2022-01-30,"HIGH"
"762",2022-01-31,"HIGH"
"763",2022-02-01,"HIGH"
"764",2022-02-02,"HIGH"
"765",2022-02-03,"HIGH"
"766",2022-02-04,"HIGH"
"767",2022-02-05,"HIGH"
"768",2022-02-06,"HIGH"
"769",2022-02-07,"HIGH"
"770",2022-02-08,"HIGH"
"771",2022-02-09,"HIGH"
"772",2022-02-10,"HIGH"
"773",2022-02-11,"HIGH"
"774",2022-02-12,"HIGH"
"775",2022-02-13,"HIGH"
"776",2022-02-14,"HIGH"
"777",2022-02-15,"HIGH"
"778",2022-02-16,"HIGH"
"779",2022-02-17,"HIGH"
"780",2022-02-18,"HIGH"
"781",2022-02-19,"HIGH"
"782",2022-02-20,"HIGH"
"783",2022-02-21,"HIGH"
"784",2022-02-22,"SUBSTANTIAL"
"785",2022-02-23,"SUBSTANTIAL"
"786",2022-02-24,"SUBSTANTIAL"
"787",2022-02-25,"SUBSTANTIAL"
"788",2022-02-26,"SUBSTANTIAL"
"789",2022-02-27,"SUBSTANTIAL"
"790",2022-02-28,"SUBSTANTIAL"
"791",2022-03-01,"SUBSTANTIAL"
"792",2022-03-02,"MODERATE"
"793",2022-03-03,"MODERATE"
"794",2022-03-04,"MODERATE"
"795",2022-03-05,"MODERATE"
"796",2022-03-06,"MODERATE"
"797",2022-03-07,"MODERATE"
"798",2022-03-08,"MODERATE"
"799",2022-03-09,"MODERATE"
"800",2022-03-10,"MODERATE"
"801",2022-03-11,"MODERATE"
"802",2022-03-12,"MODERATE"
"803",2022-03-13,"MODERATE"
"804",2022-03-14,"MODERATE"
"805",2022-03-15,"MODERATE"
"806",2022-03-16,"MODERATE"
"807",2022-03-17,"MODERATE"
"808",2022-03-18,"MODERATE"
"809",2022-03-19,"MODERATE"
"810",2022-03-20,"MODERATE"
"811",2022-03-21,"MODERATE"
"812",2022-03-22,"MODERATE"
"813",2022-03-23,"MODERATE"
"814",2022-03-24,"MODERATE"
"815",2022-03-25,"MODERATE"
"816",2022-03-26,"MODERATE"
"817",2022-03-27,"MODERATE"
"818",2022-03-28,"MODERATE"
"819",2022-03-29,"MODERATE"
"820",2022-03-30,"MODERATE"
"821",2022-03-31,"MODERATE"
"822",2022-04-01,"MODERATE"
"823",2022-04-02,"MODERATE"
"824",2022-04-03,"MODERATE"
"825",2022-04-04,"MODERATE"
"826",2022-04-05,"MODERATE"
"827",2022-04-06,"MODERATE"
"828",2022-04-07,"MODERATE"
"829",2022-04-08,"MODERATE"
"830",2022-04-09,"MODERATE"
"831",2022-04-10,"MODERATE"
"832",2022-04-11,"MODERATE"
"833",2022-04-12,"MODERATE"
"834",2022-04-13,"MODERATE"
"835",2022-04-14,"MODERATE"
"836",2022-04-15,"MODERATE"
"837",2022-04-16,"MODERATE"
"838",2022-04-17,"MODERATE"
"839",2022-04-18,"MODERATE"
"840",2022-04-19,"MODERATE"
"841",2022-04-20,"MODERATE"
"842",2022-04-21,"MODERATE"
"843",2022-04-22,"MODERATE"
"844",2022-04-23,"MODERATE"
"845",2022-04-24,"MODERATE"
"846",2022-04-25,"MODERATE"
"847",2022-04-26,"MODERATE"
"848",2022-04-27,"MODERATE"
"849",2022-04-28,"MODERATE"
"850",2022-04-29,"MODERATE"
"851",2022-04-30,"MODERATE"
"852",2022-05-01,"MODERATE"
"853",2022-05-02,"MODERATE"
"854",2022-05-03,"MODERATE"
"855",2022-05-04,"MODERATE"
"856",2022-05-05,"MODERATE"
"857",2022-05-06,"MODERATE"
"858",2022-05-07,"MODERATE"
"859",2022-05-08,"MODERATE"
"860",2022-05-09,"MODERATE"
"861",2022-05-10,"MODERATE"
"862",2022-05-11,"SUBSTANTIAL"
"863",2022-05-12,"SUBSTANTIAL"
"864",2022-05-13,"SUBSTANTIAL"
"865",2022-05-14,"SUBSTANTIAL"
"866",2022-05-15,"SUBSTANTIAL"
"867",2022-05-16,"SUBSTANTIAL"
"868",2022-05-17,"SUBSTANTIAL"
"869",2022-05-18,"SUBSTANTIAL"
"870",2022-05-19,"SUBSTANTIAL"
"871",2022-05-20,"SUBSTANTIAL"
"872",2022-05-21,"SUBSTANTIAL"
"873",2022-05-22,"SUBSTANTIAL"
"874",2022-05-23,"SUBSTANTIAL"
"875",2022-05-24,"HIGH"
"876",2022-05-25,"HIGH"
"877",2022-05-26,"HIGH"
"878",2022-05-27,"HIGH"
"879",2022-05-28,"HIGH"
"880",2022-05-29,"HIGH"
"881",2022-05-30,"HIGH"
"882",2022-05-31,"HIGH"
"883",2022-06-01,"HIGH"
"884",2022-06-02,"HIGH"
"885",2022-06-03,"HIGH"
"886",2022-06-04,"HIGH"
"887",2022-06-05,"HIGH"
"888",2022-06-06,"HIGH"
"889",2022-06-07,"HIGH"
"890",2022-06-08,"HIGH"
"891",2022-06-09,"HIGH"
"892",2022-06-10,"HIGH"
"893",2022-06-11,"HIGH"
"894",2022-06-12,"HIGH"
"895",2022-06-13,"HIGH"
"896",2022-06-14,"HIGH"
"897",2022-06-15,"HIGH"
"898",2022-06-16,"HIGH"
"899",2022-06-17,"HIGH"
"900",2022-06-18,"HIGH"
"901",2022-06-19,"HIGH"
"902",2022-06-20,"HIGH"
"903",2022-06-21,"HIGH"
"904",2022-06-22,"HIGH"
"905",2022-06-23,"HIGH"
"906",2022-06-24,"HIGH"
"907",2022-06-25,"HIGH"
"908",2022-06-26,"HIGH"
"909",2022-06-27,"HIGH"
"910",2022-06-28,"HIGH"
"911",2022-06-29,"HIGH"
"912",2022-06-30,"HIGH"
"913",2022-07-01,"HIGH"
"914",2022-07-02,"HIGH"
"915",2022-07-03,"HIGH"
"916",2022-07-04,"HIGH"
"917",2022-07-05,"HIGH"
"918",2022-07-06,"HIGH"
"919",2022-07-07,"HIGH"
"920",2022-07-08,"HIGH"
"921",2022-07-09,"HIGH"
"922",2022-07-10,"HIGH"
"923",2022-07-11,"HIGH"
"924",2022-07-12,"HIGH"
"925",2022-07-13,"HIGH"
"926",2022-07-14,"HIGH"
"927",2022-07-15,"HIGH"
"928",2022-07-16,"HIGH"
"929",2022-07-17,"HIGH"
"930",2022-07-18,"HIGH"
"931",2022-07-19,"HIGH"
"932",2022-07-20,"HIGH"
"933",2022-07-21,"HIGH"
"934",2022-07-22,"HIGH"
"935",2022-07-23,"HIGH"
"936",2022-07-24,"HIGH"
"937",2022-07-25,"HIGH"
"938",2022-07-26,"HIGH"
"939",2022-07-27,"HIGH"
"940",2022-07-28,"HIGH"
"941",2022-07-29,"HIGH"
"942",2022-07-30,"HIGH"
"943",2022-07-31,"HIGH"
"944",2022-08-01,"HIGH"
"945",2022-08-02,"HIGH"
"946",2022-08-03,"HIGH"
"947",2022-08-04,"HIGH"
"948",2022-08-05,"HIGH"
"949",2022-08-06,"HIGH"
"950",2022-08-07,"HIGH"
"951",2022-08-08,"HIGH"
"952",2022-08-09,"HIGH"
"953",2022-08-10,"HIGH"
"954",2022-08-11,"HIGH"
"955",2022-08-12,"HIGH"
"956",2022-08-13,"HIGH"
"957",2022-08-14,"HIGH"
"958",2022-08-15,"HIGH"
"959",2022-08-16,"HIGH"
"960",2022-08-17,"HIGH"
"961",2022-08-18,"HIGH"
"962",2022-08-19,"HIGH"
"963",2022-08-20,"HIGH"
"964",2022-08-21,"HIGH"
"965",2022-08-22,"HIGH"
"966",2022-08-23,"HIGH"
"967",2022-08-24,"HIGH"
"968",2022-08-25,"HIGH"
"969",2022-08-26,"HIGH"
"970",2022-08-27,"HIGH"
"971",2022-08-28,"HIGH"
"972",2022-08-29,"HIGH"
"973",2022-08-30,"HIGH"
"974",2022-08-31,"HIGH"
"975",2022-09-01,"HIGH"
"976",2022-09-02,"HIGH"
"977",2022-09-03,"HIGH"
"978",2022-09-04,"HIGH"
"979",2022-09-05,"HIGH"
"980",2022-09-06,"HIGH"
"981",2022-09-07,"HIGH"
"982",2022-09-08,"HIGH"
"983",2022-09-09,"HIGH"
"984",2022-09-10,"HIGH"
"985",2022-09-11,"HIGH"
"986",2022-09-12,"HIGH"
"987",2022-09-13,"HIGH"
"988",2022-09-14,"HIGH"
"989",2022-09-15,"HIGH"
"990",2022-09-16,"HIGH"
"991",2022-09-17,"HIGH"
"992",2022-09-18,"SUBSTANTIAL"
"993",2022-09-19,"SUBSTANTIAL"
"994",2022-09-20,"SUBSTANTIAL"
"995",2022-09-21,"SUBSTANTIAL"
"996",2022-09-22,"SUBSTANTIAL"
"997",2022-09-23,"SUBSTANTIAL"
"998",2022-09-24,"SUBSTANTIAL"
"999",2022-09-25,"SUBSTANTIAL"
"1000",2022-09-26,"SUBSTANTIAL"
"1001",2022-09-27,"SUBSTANTIAL"
"1002",2022-09-28,"SUBSTANTIAL"
"1003",2022-09-29,"SUBSTANTIAL"
"1004",2022-09-30,"SUBSTANTIAL"
"1005",2022-10-01,"SUBSTANTIAL"
"1006",2022-10-02,"SUBSTANTIAL"
"1007",2022-10-03,"SUBSTANTIAL"
"1008",2022-10-04,"SUBSTANTIAL"
"1009",2022-10-05,"SUBSTANTIAL"
"1010",2022-10-06,"SUBSTANTIAL"
"1011",2022-10-07,"SUBSTANTIAL"
"1012",2022-10-08,"SUBSTANTIAL"
"1013",2022-10-09,"SUBSTANTIAL"
"1014",2022-10-10,"SUBSTANTIAL"
"1015",2022-10-11,"SUBSTANTIAL"
"1016",2022-10-12,"MODERATE"
"1017",2022-10-13,"MODERATE"
"1018",2022-10-14,"MODERATE"
"1019",2022-10-15,"MODERATE"
"1020",2022-10-16,"SUBSTANTIAL"
"1021",2022-10-17,"SUBSTANTIAL"
"1022",2022-10-18,"SUBSTANTIAL"
"1023",2022-10-19,"SUBSTANTIAL"
"1024",2022-10-20,"SUBSTANTIAL"
"1025",2022-10-21,"SUBSTANTIAL"
"1026",2022-10-22,"SUBSTANTIAL"
"1027",2022-10-23,"SUBSTANTIAL"
"1028",2022-10-24,"SUBSTANTIAL"
"1029",2022-10-25,"SUBSTANTIAL"
"1030",2022-10-26,"SUBSTANTIAL"
"1031",2022-10-27,"SUBSTANTIAL"
"1032",2022-10-28,"SUBSTANTIAL"
"1033",2022-10-29,"SUBSTANTIAL"
"1034",2022-10-30,"SUBSTANTIAL"
"1035",2022-10-31,"SUBSTANTIAL"
"1036",2022-11-01,"SUBSTANTIAL"
"1037",2022-11-02,"SUBSTANTIAL"
"1038",2022-11-03,"SUBSTANTIAL"
"1039",2022-11-04,"SUBSTANTIAL"
"1040",2022-11-05,"SUBSTANTIAL"
"1041",2022-11-06,"SUBSTANTIAL"
"1042",2022-11-07,"SUBSTANTIAL"
"1043",2022-11-08,"SUBSTANTIAL"
"1044",2022-11-09,"SUBSTANTIAL"
"1045",2022-11-10,"SUBSTANTIAL"
"1046",2022-11-11,"SUBSTANTIAL"
"1047",2022-11-12,"SUBSTANTIAL"
"1048",2022-11-13,"SUBSTANTIAL"
"1049",2022-11-14,"SUBSTANTIAL"
"1050",2022-11-15,"MODERATE"
"1051",2022-11-16,"MODERATE"
"1052",2022-11-17,"SUBSTANTIAL"
"1053",2022-11-18,"SUBSTANTIAL"
"1054",2022-11-19,"SUBSTANTIAL"
"1055",2022-11-20,"SUBSTANTIAL"
"1056",2022-11-21,"SUBSTANTIAL"
"1057",2022-11-22,"SUBSTANTIAL"
"1058",2022-11-23,"SUBSTANTIAL"
"1059",2022-11-24,"SUBSTANTIAL"
"1060",2022-11-25,"SUBSTANTIAL"
"1061",2022-11-26,"SUBSTANTIAL"
"1062",2022-11-27,"SUBSTANTIAL"
"1063",2022-11-28,"SUBSTANTIAL"
"1064",2022-11-29,"SUBSTANTIAL"
"1065",2022-11-30,"HIGH"
"1066",2022-12-01,"HIGH"
"1067",2022-12-02,"HIGH"
"1068",2022-12-03,"HIGH"
"1069",2022-12-04,"HIGH"
"1070",2022-12-05,"HIGH"
"1071",2022-12-06,"HIGH"
"1072",2022-12-07,"HIGH"
"1073",2022-12-08,"HIGH"
"1074",2022-12-09,"HIGH"
"1075",2022-12-10,"HIGH"
"1076",2022-12-11,"HIGH"
"1077",2022-12-12,"HIGH"
"1078",2022-12-13,"HIGH"
"1079",2022-12-14,"HIGH"
"1080",2022-12-15,"HIGH"
"1081",2022-12-16,"HIGH"
"1082",2022-12-17,"HIGH"
"1083",2022-12-18,"HIGH"
"1084",2022-12-19,"HIGH"
"1085",2022-12-20,"HIGH"
"1086",2022-12-21,"HIGH"
"1087",2022-12-22,"HIGH"
"1088",2022-12-23,"HIGH"
"1089",2022-12-24,"HIGH"
"1090",2022-12-25,"HIGH"
"1091",2022-12-26,"HIGH"
"1092",2022-12-27,"HIGH"
"1093",2022-12-28,"HIGH"
"1094",2022-12-29,"HIGH"
"1095",2022-12-30,"HIGH"
"1096",2022-12-31,"HIGH"
"1097",2023-01-01,"HIGH"
"1098",2023-01-02,"HIGH"
"1099",2023-01-03,"HIGH"
"1100",2023-01-04,"HIGH"
"1101",2023-01-05,"HIGH"
"1102",2023-01-06,"HIGH"
"1103",2023-01-07,"HIGH"
"1104",2023-01-08,"HIGH"
"1105",2023-01-09,"HIGH"
"1106",2023-01-10,"HIGH"
"1107",2023-01-11,"HIGH"
"1108",2023-01-12,"HIGH"
"1109",2023-01-13,"HIGH"
"1110",2023-01-14,"HIGH"
"1111",2023-01-15,"HIGH"
"1112",2023-01-16,"HIGH"
"1113",2023-01-17,"HIGH"
"1114",2023-01-18,"HIGH"
"1115",2023-01-19,"HIGH"
"1116",2023-01-20,"HIGH"
"1117",2023-01-21,"HIGH"
"1118",2023-01-22,"HIGH"
"1119",2023-01-23,"HIGH"
"1120",2023-01-24,"HIGH"
"1121",2023-01-25,"HIGH"
"1122",2023-01-26,"HIGH"
"1123",2023-01-27,"HIGH"
"1124",2023-01-28,"HIGH"
"1125",2023-01-29,"HIGH"
"1126",2023-01-30,"HIGH"
"1127",2023-01-31,"HIGH"
"1128",2023-02-01,"HIGH"
"1129",2023-02-02,"HIGH"
"1130",2023-02-03,"HIGH"
"1131",2023-02-04,"HIGH"
"1132",2023-02-05,"HIGH"
"1133",2023-02-06,"HIGH"
"1134",2023-02-07,"HIGH"
